{
    "epoch": 10.0,
    "eval_accuracy": 0.8260380014074595,
    "eval_loss": 0.5151475667953491,
    "eval_runtime": 131.1738,
    "eval_samples_per_second": 54.165,
    "eval_steps_per_second": 3.392
}